run,trace,n_tokens,mean_kl,median_kl,q90_kl,q95_kl,q99_kl,max_kl,above_005,above_005_rate,above_2,above_2_rate
Clipped,trace_0000_24699_gen0,1024,0.11045262780459744,3.6176021239953116e-05,0.22748888581991222,0.38681507855653746,1.0424909234046928,21.771934509277344,218,0.212890625,4,0.00390625
No-clip,trace_0000_24699_gen0,1024,0.09423120063618452,0.002414152375422418,0.18755881488323212,0.30752994269132594,1.060368211269378,19.873973846435547,244,0.23828125,4,0.00390625
No-think + no-clip,trace_0000_24699_gen0,761,0.04175138767370788,8.830222941469401e-05,0.11859765648841858,0.26678624749183655,0.6296981573104858,1.0564073324203491,118,0.15505913272010513,0,0.0
Clipped,trace_0001_5692_gen1,1024,0.10551432642219966,0.0254882350564003,0.2081335246562958,0.2833387270569801,0.7799007219076154,17.40159797668457,453,0.4423828125,5,0.0048828125
No-clip,trace_0001_5692_gen1,1024,0.08295638761099283,8.124359010253102e-05,0.11990163326263446,0.23710278868675222,1.0066190809011444,20.392377853393555,190,0.185546875,8,0.0078125
No-think + no-clip,trace_0001_5692_gen1,1024,0.05479896386534196,0.0016218979144468904,0.10646180808544166,0.23164105042815172,0.9561027818918216,3.9631528854370117,191,0.1865234375,3,0.0029296875
Clipped,trace_0002_21522_gen2,1024,0.7316274096773386,0.12352568283677101,1.856868457794191,3.222403442859648,5.495315146446225,25.34990119934082,629,0.6142578125,98,0.095703125
No-clip,trace_0002_21522_gen2,991,0.08653507578052133,0.0002994122914969921,0.12962807714939117,0.3282952457666397,1.1635954618453985,20.247150421142578,184,0.1856710393541877,5,0.005045408678102927
No-think + no-clip,trace_0002_21522_gen2,497,0.0493671686915323,9.252141899196431e-05,0.07522744834423074,0.20522236526012408,0.6608244180679339,4.494420528411865,65,0.13078470824949698,2,0.004024144869215292
Clipped,trace_0003_18564_gen3,1024,0.19622691637842565,0.09500123932957649,0.32744574844837193,0.48245600610971423,1.3785404849052398,21.476552963256836,644,0.62890625,7,0.0068359375
No-clip,trace_0003_18564_gen3,1024,0.10010708253523924,0.006717267446219921,0.14943591803312303,0.2741729512810704,1.2986448502540586,19.24697494506836,251,0.2451171875,7,0.0068359375
No-think + no-clip,trace_0003_18564_gen3,1024,0.07371012958313043,0.0023652841337025166,0.13879461735486995,0.2900402650237081,1.5295057988166791,4.301326751708984,197,0.1923828125,7,0.0068359375
Clipped,trace_0004_17541_gen4,1023,0.13751213164321693,0.008701112121343613,0.3010865151882174,0.4353490471839905,1.0670915412902817,22.58165168762207,410,0.40078201368523947,4,0.0039100684261974585
No-clip,trace_0004_17541_gen4,1024,0.1386444061665307,0.0006835486274212599,0.18996301293373127,0.3685938060283661,1.637556860446928,22.646305084228516,243,0.2373046875,9,0.0087890625
No-think + no-clip,trace_0004_17541_gen4,697,0.0257110315695402,9.690480510471389e-06,0.039523497968912115,0.08217633813619596,0.4629124474525429,4.200151443481445,56,0.08034433285509325,1,0.0014347202295552368
Clipped,trace_0005_28132_gen5,1024,0.15732477474202744,0.00799349183216691,0.3631826013326647,0.5397197455167747,1.395710896253585,21.311323165893555,368,0.359375,5,0.0048828125
No-clip,trace_0005_28132_gen5,1024,0.09162174008540597,3.9783019019523636e-05,0.16329627782106404,0.3466397866606706,1.1795895135402679,21.551498413085938,206,0.201171875,6,0.005859375
No-think + no-clip,trace_0005_28132_gen5,944,0.10620526047209863,0.0008939031104091555,0.20828371644020097,0.4985057428479192,1.8362581658363342,10.749175071716309,201,0.2129237288135593,7,0.007415254237288136
Clipped,trace_0006_22807_gen6,1024,0.13541593242274652,0.06420223042368889,0.26702011823654187,0.39851620197295956,0.9599185454845428,18.516069412231445,572,0.55859375,1,0.0009765625
No-clip,trace_0006_22807_gen6,1024,0.09003734773490882,0.01199725829064846,0.1728822126984597,0.3010901749134063,0.784369416236877,20.866086959838867,299,0.2919921875,3,0.0029296875
No-think + no-clip,trace_0006_22807_gen6,786,0.05382488629586827,0.0018263065139763057,0.12038465961813927,0.19849414005875587,0.9402118802070578,1.961728811264038,150,0.19083969465648856,0,0.0
Clipped,trace_0007_25496_gen7,1024,0.44163830395175785,0.026720859110355377,1.2157269835472113,2.0121041536331177,4.803828272819519,20.349618911743164,481,0.4697265625,54,0.052734375
No-clip,trace_0007_25496_gen7,393,0.1067804458361019,0.0007280621794052422,0.2132611334323883,0.36686037778854347,1.055311522483824,18.277833938598633,82,0.20865139949109415,1,0.002544529262086514
No-think + no-clip,trace_0007_25496_gen7,485,0.052976131975163564,0.0005809800932183862,0.08112891018390657,0.22829366624355274,0.8440544891357408,3.730738878250122,66,0.1360824742268041,2,0.004123711340206186
Clipped,trace_0008_15911_gen8,1024,0.1983407150796128,0.029513937421143055,0.3879824846982958,0.6807011961936903,2.58035717725753,19.93450927734375,460,0.44921875,12,0.01171875
No-clip,trace_0008_15911_gen8,1024,0.13907383649208865,0.0013821983593516052,0.1357687771320343,0.3492162913084016,1.8183285653591084,22.01546287536621,208,0.203125,10,0.009765625
No-think + no-clip,trace_0008_15911_gen8,1015,0.03599619868117184,0.0018411155324429274,0.07435154616832736,0.12159840837121008,0.5134431439638143,2.3202335834503174,144,0.14187192118226602,2,0.0019704433497536944
Clipped,trace_0009_28400_gen9,1024,0.12351218414262251,0.003499841899611056,0.23791836053133017,0.3978570371866224,1.1474518477916713,20.2421932220459,328,0.3203125,6,0.005859375
No-clip,trace_0009_28400_gen9,1024,0.12651439810516538,0.001639586582314223,0.16725530475378045,0.3704645216464966,2.4682767796516343,22.90144157409668,239,0.2333984375,13,0.0126953125
No-think + no-clip,trace_0009_28400_gen9,1024,0.05154183597855899,5.0722625019261613e-05,0.07544431388378155,0.1716351874172686,0.908489548563957,4.414824962615967,133,0.1298828125,6,0.005859375
Clipped,trace_0010_13774_gen10,1024,0.12648634135012504,0.013690546620637178,0.3158992916345599,0.435547523200511,0.9010890060663221,19.03247833251953,433,0.4228515625,2,0.001953125
No-clip,trace_0010_13774_gen10,1024,0.08445871927962738,0.005894394591450691,0.1544591099023819,0.2568168893456455,0.6549738740921012,23.026962280273438,268,0.26171875,3,0.0029296875
No-think + no-clip,trace_0010_13774_gen10,1024,0.024705817029182245,0.0002552215155446902,0.06305360645055773,0.11944889612495897,0.3808913767337799,1.6133160591125488,120,0.1171875,0,0.0
Clipped,trace_0011_18694_gen11,1024,0.28362739408557214,0.03093728981912136,0.6046624898910528,1.0009935557842253,3.484972989559173,24.956470489501953,487,0.4755859375,27,0.0263671875
No-clip,trace_0011_18694_gen11,1024,0.11904576480440732,0.009200059343129396,0.22056072801351556,0.47698386609554283,1.3947590613365146,21.096715927124023,314,0.306640625,7,0.0068359375
No-think + no-clip,trace_0011_18694_gen11,338,0.04401692634838695,4.998926897314959e-06,0.09060363695025453,0.1827067099511623,0.5638171923160552,2.477708339691162,46,0.13609467455621302,1,0.0029585798816568047
Clipped,trace_0012_1552_gen12,1024,0.20189133980475943,0.08738188073039055,0.3803557395935062,0.5881819188594818,1.6163443410396534,29.221515655517578,578,0.564453125,6,0.005859375
No-clip,trace_0012_1552_gen12,1024,0.12308258147632387,0.008009623736143112,0.16332738995552076,0.34254852235316957,2.469538600444789,20.903461456298828,260,0.25390625,13,0.0126953125
No-think + no-clip,trace_0012_1552_gen12,1024,0.07428330819593047,0.0023129404289647937,0.1234421379864217,0.26067528426647113,1.577749838829038,6.525080680847168,182,0.177734375,6,0.005859375
Clipped,trace_0013_26589_gen13,1024,0.1575865664297233,0.0006004425522405654,0.309361869096756,0.5604355245828625,2.6416047811508143,21.889854431152344,288,0.28125,14,0.013671875
No-clip,trace_0013_26589_gen13,1024,0.13082804720156188,0.0015081081073731184,0.22794995903968837,0.5616404622793192,2.1716417765617364,20.82990074157715,250,0.244140625,13,0.0126953125
No-think + no-clip,trace_0013_26589_gen13,1024,0.08839434949322626,0.0023809216218069196,0.16323727369308474,0.4133999913930892,1.3595856559276576,6.863926410675049,212,0.20703125,7,0.0068359375
Clipped,trace_0014_1016_gen14,1024,0.13749607734842853,0.011413461063057184,0.269410127401352,0.4114912316203114,1.9102691805362686,17.27509117126465,383,0.3740234375,10,0.009765625
No-clip,trace_0014_1016_gen14,1024,0.07945625868249503,0.004135791445150971,0.1276944234967232,0.22740748375654204,0.7344335168600061,20.800905227661133,224,0.21875,3,0.0029296875
No-think + no-clip,trace_0014_1016_gen14,1024,0.040667811775140214,0.0011100043775513768,0.07890980616211891,0.14066632762551232,0.6047360163927078,6.976466178894043,153,0.1494140625,2,0.001953125
Clipped,trace_0015_18143_gen15,1024,0.19440548156814114,0.010073753073811531,0.38048682212829593,0.607110261917114,2.0928498911857605,32.55915832519531,388,0.37890625,12,0.01171875
No-clip,trace_0015_18143_gen15,1024,0.10805569610545326,0.005447410745546222,0.21475967168807997,0.41379445493221284,1.5557124269008544,20.310184478759766,264,0.2578125,5,0.0048828125
No-think + no-clip,trace_0015_18143_gen15,1024,0.0617610040200113,0.0022705727024003863,0.1252074278891087,0.23044523298740258,0.8086560922861095,4.232942581176758,195,0.1904296875,6,0.005859375
Clipped,trace_0016_8973_gen16,1024,0.23030235205270033,0.09428052976727486,0.3702065140008928,0.5683841377496712,2.4772078824043273,20.56575584411621,647,0.6318359375,15,0.0146484375
No-clip,trace_0016_8973_gen16,1024,0.17755572874945927,0.011003105901181698,0.19365766793489458,0.45813899338245373,3.8481821393966658,17.820579528808594,270,0.263671875,17,0.0166015625
No-think + no-clip,trace_0016_8973_gen16,1024,0.09436385109911283,0.0046822919975966215,0.19991797208786027,0.37710324972867904,1.7666365659236882,5.625761985778809,251,0.2451171875,9,0.0087890625
Clipped,trace_0017_7163_gen17,1024,0.07154739030334048,1.471556879550917e-05,0.14704890698194506,0.2628082931041712,0.6623997151851648,18.555469512939453,209,0.2041015625,3,0.0029296875
No-clip,trace_0017_7163_gen17,1024,0.08929986026543421,6.938324440852739e-05,0.13160247951745993,0.2829830542206762,1.4327323412895145,17.83160400390625,184,0.1796875,7,0.0068359375
No-think + no-clip,trace_0017_7163_gen17,1024,0.023224871466061718,1.480909668316599e-05,0.03333384469151497,0.08470523953437804,0.47959366202354226,4.452536582946777,73,0.0712890625,1,0.0009765625
Clipped,trace_0018_19466_gen18,1024,0.16896960195139182,0.08453509956598282,0.3519975602626801,0.4959074020385741,1.100606578588485,21.40691375732422,597,0.5830078125,3,0.0029296875
No-clip,trace_0018_19466_gen18,1024,0.1496459747514563,0.017404715530574322,0.26872069835662854,0.49856825619935785,1.2494506669044494,19.626609802246094,348,0.33984375,6,0.005859375
No-think + no-clip,trace_0018_19466_gen18,816,0.08725333732696329,0.0007013677386566997,0.2042812556028366,0.37130479514598846,1.0164337754249575,8.927998542785645,207,0.2536764705882353,3,0.003676470588235294
Clipped,trace_0019_12834_gen19,1024,0.16956999260418626,0.0010334870894439518,0.363398712873459,0.5559244066476822,1.4444222879409776,23.29623794555664,348,0.33984375,6,0.005859375
No-clip,trace_0019_12834_gen19,1024,0.14118696177937465,1.935444015543908e-05,0.15360317081213,0.3066991075873374,2.067343826293945,21.028963088989258,176,0.171875,12,0.01171875
No-think + no-clip,trace_0019_12834_gen19,499,0.08165338622004438,9.188776311930269e-05,0.140610733628273,0.30601610541343677,0.8953123855590813,9.862509727478027,87,0.1743486973947896,2,0.004008016032064128
Clipped,trace_0020_20387_gen20,1024,0.14863914947210904,0.013974785339087248,0.31410278975963607,0.525950616598129,1.1867325389385222,19.033748626708984,401,0.3916015625,6,0.005859375
No-clip,trace_0020_20387_gen20,1024,0.08954148830748612,0.0030336660565808415,0.15467508286237747,0.34187892973422973,1.2614688003063186,19.064319610595703,222,0.216796875,4,0.00390625
No-think + no-clip,trace_0020_20387_gen20,695,0.07727323041203103,0.003406921401619911,0.17187733054161072,0.3403541594743721,1.4399713540077184,3.833216905593872,147,0.21151079136690648,5,0.007194244604316547
Clipped,trace_0021_23330_gen21,1024,1.249621463781183,1.4212121963500977,2.282636833190918,2.4432818174362168,3.48474401950836,17.808391571044922,858,0.837890625,253,0.2470703125
No-clip,trace_0021_23330_gen21,1024,0.11357100783734841,0.0011867976281791925,0.1748021557927133,0.320513388514518,1.1913233327865562,21.939775466918945,255,0.2490234375,7,0.0068359375
No-think + no-clip,trace_0021_23330_gen21,238,0.07246250060087249,4.084019565198105e-05,0.13396269083023088,0.3339352577924728,0.7491018503904336,6.135725975036621,42,0.17647058823529413,1,0.004201680672268907
Clipped,trace_0022_27151_gen22,1024,0.13655596826625152,0.018781010061502457,0.26553020477294936,0.42982996702194215,1.1042076659202564,21.027612686157227,425,0.4150390625,3,0.0029296875
No-clip,trace_0022_27151_gen22,1024,0.11793606341957687,0.003655049600638449,0.1649049058556558,0.33353875726461335,2.2005537295341457,20.17165184020996,232,0.2265625,12,0.01171875
No-think + no-clip,trace_0022_27151_gen22,1024,0.037572628265489044,6.706258136546239e-05,0.07106709331274041,0.18149257749319045,0.6316984522342671,2.283921241760254,134,0.130859375,1,0.0009765625
Clipped,trace_0023_14283_gen23,1024,0.11317142536290734,5.981924186926335e-05,0.2979479879140855,0.43305940479039967,1.196542867422104,17.867473602294922,286,0.279296875,3,0.0029296875
No-clip,trace_0023_14283_gen23,1024,0.10314613929944952,0.0016466575907543302,0.12844222187995916,0.2627196252346029,1.128777337074278,20.60694694519043,222,0.216796875,9,0.0087890625
No-think + no-clip,trace_0023_14283_gen23,1024,0.03275825289586119,1.4945335351512767e-05,0.05678864791989327,0.13716705143451646,0.5513306498527518,4.318156719207764,113,0.1103515625,2,0.001953125
Clipped,trace_0024_15371_gen24,1024,1.1363113902990891,0.36134666204452515,3.1088166475296024,4.89149060249328,9.336035423278805,25.2523193359375,684,0.66796875,184,0.1796875
No-clip,trace_0024_15371_gen24,1024,0.07045176809615353,0.004218661226332188,0.11185679286718375,0.24248986542224804,0.6829678612947455,20.5076961517334,195,0.1904296875,4,0.00390625
No-think + no-clip,trace_0024_15371_gen24,1024,0.08560952906908835,0.004367528948932886,0.16234720349311837,0.3116594314575187,1.1298316812515234,7.784454345703125,224,0.21875,8,0.0078125
Clipped,trace_0025_10349_gen25,1024,0.1298801474170207,0.013556777033954859,0.31925785243511207,0.45631774067878716,1.123583029508588,20.790496826171875,401,0.3916015625,2,0.001953125
No-clip,trace_0025_10349_gen25,1024,0.12568891964739784,0.0038939459482207894,0.21038786172866838,0.4063420191407203,2.127199182510371,22.048694610595703,289,0.2822265625,11,0.0107421875
No-think + no-clip,trace_0025_10349_gen25,1024,0.06803848506490104,0.0035522771067917347,0.15273024290800094,0.25938423573970754,0.9558421623706808,4.740457057952881,241,0.2353515625,5,0.0048828125
Clipped,trace_0026_24419_gen26,1024,1.2854318001274374,0.12438181042671204,4.063668966293335,5.6850742816925015,9.51945895195007,29.712255477905273,558,0.544921875,232,0.2265625
No-clip,trace_0026_24419_gen26,1024,0.14458776872176332,0.0019423048943281174,0.218614374101162,0.47259835302829617,1.9739790153503383,21.981618881225586,231,0.2255859375,11,0.0107421875
No-think + no-clip,trace_0026_24419_gen26,498,0.03366597789317023,9.196449354931246e-06,0.029489625245332732,0.08300342187285403,0.5151600664854041,5.7808732986450195,38,0.07630522088353414,2,0.004016064257028112
Clipped,trace_0027_26194_gen27,1024,1.1671397190357102,0.0907575860619545,3.5118204832077033,5.497404742240906,10.385585641860962,33.48689651489258,544,0.53125,200,0.1953125
No-clip,trace_0027_26194_gen27,1024,0.0804934766393305,0.0001372911938233301,0.11826659217476847,0.23960623145103452,1.1076374042034147,21.281829833984375,182,0.177734375,4,0.00390625
No-think + no-clip,trace_0027_26194_gen27,580,0.03282644720317298,2.1933983589406125e-05,0.058640053495764746,0.12591489851474758,0.9416985225677565,1.330631136894226,65,0.11206896551724138,0,0.0
Clipped,trace_0028_16928_gen28,1024,0.19926000692348148,0.05130743607878685,0.42761477231979383,0.6832414507865895,1.9276249337196347,14.9780855178833,515,0.5029296875,10,0.009765625
No-clip,trace_0028_16928_gen28,1024,0.11111360415691515,0.007704447023570538,0.21290935128927244,0.3530025318264961,1.2583092176914206,17.68037986755371,289,0.2822265625,7,0.0068359375
No-think + no-clip,trace_0028_16928_gen28,1024,0.0548469091136086,0.0007898093317635357,0.11809223592281345,0.26494262367486954,0.8808901375532147,3.965458869934082,171,0.1669921875,3,0.0029296875
Clipped,trace_0029_2383_gen29,1024,0.5634634317004156,0.024229351431131363,1.5734776735305789,2.72915198802948,5.834950413703917,25.124177932739258,457,0.4462890625,85,0.0830078125
No-clip,trace_0029_2383_gen29,1024,0.20833998117463484,0.007645227015018463,0.3455528348684313,0.8546620398759822,3.170464828014372,18.543811798095703,334,0.326171875,25,0.0244140625
No-think + no-clip,trace_0029_2383_gen29,767,0.1400069509138227,0.00816202163696289,0.27528471946716304,0.5733728647232049,2.30546927452088,6.340402603149414,233,0.30378096479791394,12,0.01564537157757497
